<?xml version="1.0" encoding="UTF-8" ?>
<!DOCTYPE mapper
        PUBLIC "-//mybatis.org//DTD Mapper 3.0//EN"
        "http://mybatis.org/dtd/mybatis-3-mapper.dtd">
<mapper namespace="com.sicnu.mapper.AwardMapper">

    <insert id="addAward" parameterType="Award">
        insert into award(
        achievement_name,
        leader_id,
        award_name,
        award_time,
        issuing_authority,
        approval_number,
        aod_id,
        dr_id,
        ar_id,
        al_id,
        sc_id,
        subject_id,
        sd_id,
        at_id
        ) values(
        #{achievement_name},
        #{leader_id},
        #{award_name},
        #{award_time},
        #{issuing_authority},
        #{approval_number},
        #{aod_id},
        #{dr_id},
        #{ar_id},
        #{al_id},
        #{sc_id},
        #{subject_id},
        #{sd_id},
        #{at_id}
        )
    </insert>
    <select id="selectAwardByNumber" parameterType="Award" resultType="Award">
        select * from award
        where
        issuing_authority = #{issuing_authority}
    </select>
    <select id="selectAwardByCondition" parameterType="java.util.HashMap" resultType="Award">
        select * from award
        <where>
            <if test="achievement_name!=null and achievement_name!=''">
                and achievement_name like '%${achievement_name}%'
            </if>
            <if test="leader_id!=null and leader_id!=''">
                and leader_id = #{leader_id}
            </if>
            <if test="award_name!=null and award_name!=''">
                and award_name like '%${award_name}%'
            </if>
            <if test="award_time_start!=null and award_time_end!=null">
                <![CDATA[
                and award.award_time >= #{award_time_start}
                and award.award_time <= #{award_time_end}
                ]]>
            </if>
            <if test="issuing_authority!=null and issuing_authority!=''">
                and issuing_authority like '%${issuing_authority}%'
            </if>
            <if test="approval_number!=null and approval_number!=''">
                and approval_number like '%${approval_number}%'
            </if>
            <if test="aod_id!=null and aod_id!=''">
                and aod_id = #{aod_id}
            </if>
            <if test="dr_id!=null and dr_id!=''">
                and dr_id =#{dr_id}
            </if>
            <if test="ar_id!=null and ar_id!=''">
                and ar_id =#{ar_id}
            </if>
            <if test="al_id!=null and al_id!=''">
                and al_id = #{al_id}
            </if>
            <if test="sc_id!=null and sc_id!=''">
                and sc_id =#{sc_id}
            </if>
            <if test="subject_id!=null and subject_id!=''">
                and subject_id =#{subject_id}
            </if>
            <if test="sd_id!=null and sd_id!=''">
                and sd_id =#{sd_id}
            </if>
            <if test="at_id!=null and at_id!=''">
                and at_id =#{at_id}
            </if>
        </where>
        <if test="pageNum != null and pageSize != null">
            <bind name="key_offset" value="(pageNum-1)*pageSize"></bind>
            limit #{key_offset},#{pageSize}
        </if>
    </select>
    <update id="updateAward" parameterType="Award">
        update award
        <trim prefix="set" suffixOverrides=",">
            <if test="achievement_name!=null and achievement_name!=''">
                achievement_name = #{achievement_name},
            </if>
            <if test="leader_id!=null and leader_id!=''">
                leader_id = #{leader_id},
            </if>
            <if test="award_name!=null and award_name!=''">
                award_name = #{award_name},
            </if>
            <if test="award_time!=null">
                <![CDATA[
                  award.award_time = #{award_time},
                ]]>
            </if>
            <if test="issuing_authority!=null and issuing_authority!=''">
                issuing_authority = #{issuing_authority},
            </if>
            <if test="approval_number!=null and approval_number!=''">
                approval_number = #{approval_number},
            </if>
            <if test="aod_id!=null and aod_id!=''">
                aod_id = #{aod_id},
            </if>
            <if test="dr_id!=null and dr_id!=''">
                dr_id =#{dr_id},
            </if>
            <if test="ar_id!=null and ar_id!=''">
                ar_id =#{ar_id},
            </if>
            <if test="al_id!=null and al_id!=''">
                al_id = #{al_id},
            </if>
            <if test="sc_id!=null and sc_id!=''">
                sc_id =#{sc_id},
            </if>
            <if test="subject_id!=null and subject_id!=''">
                subject_id =#{subject_id},
            </if>
            <if test="sd_id!=null and sd_id!=''">
                sd_id =#{sd_id},
            </if>
            <if test="at_id!=null and at_id!=''">
                at_id =#{at_id}
            </if>
        </trim>
        where award_id = #{award_id}
    </update>
    <delete id="delAwardById" parameterType="int">
        delete from award
        where
        award_id = #{award_id}
    </delete>
    <select id="selectTotalAward" parameterType="java.util.HashMap" resultType="int">
        select count(*) from award
        <where>
            <if test="achievement_name!=null and achievement_name!=''">
                and achievement_name like '%${achievement_name}%'
            </if>
            <if test="leader_id!=null and leader_id!=''">
                and leader_id = #{leader_id}
            </if>
            <if test="award_name!=null and award_name!=''">
                and award_name like '%${award_name}%'
            </if>
            <if test="award_time_start!=null and award_time_end!=null">
                <![CDATA[
                and award.award_time >= #{award_time_start}
                and award.award_time <= #{award_time_end}
                ]]>
            </if>
            <if test="issuing_authority!=null and issuing_authority!=''">
                and issuing_authority like '%${issuing_authority}%'
            </if>
            <if test="approval_number!=null and approval_number!=''">
                and approval_number like '%${approval_number}%'
            </if>
            <if test="aod_id!=null and aod_id!=''">
                and aod_id = #{aod_id}
            </if>
            <if test="dr_id!=null and dr_id!=''">
                and dr_id =#{dr_id}
            </if>
            <if test="ar_id!=null and ar_id!=''">
                and ar_id =#{ar_id}
            </if>
            <if test="al_id!=null and al_id!=''">
                and al_id = #{al_id}
            </if>
            <if test="sc_id!=null and sc_id!=''">
                and sc_id =#{sc_id}
            </if>
            <if test="subject_id!=null and subject_id!=''">
                and subject_id =#{subject_id}
            </if>
            <if test="sd_id!=null and sd_id!=''">
                and sd_id =#{sd_id}
            </if>
            <if test="at_id!=null and at_id!=''">
                and at_id =#{at_id}
            </if>
        </where>
    </select>

    <select id="selectCountAward" resultType="int" parameterType="java.util.HashMap">
        select count(*) cnt
        from
        award
        <where>
            <if test="leader_id!=null and leader_id!=''">
                and leader_id = #{leader_id}
            </if>
            <if test="time_start!=null  and time_end!=null ">
                <![CDATA[
                and award.award_time >= #{time_start}
                and award.award_time <= #{time_end}
                ]]>
            </if>
        </where>
    </select>
    <select id="findAwardByLeaderId" parameterType="Award" resultType="Award">
        select * from award where
        leader_id = #{leader_id}
    </select>
    <select id="selectAwardId" parameterType="Award" resultType="int">
        select award_id from award
        where
        leader_id = #{leader_id}
        and
        award_name = #{award_name}
    </select>
    <select id="findAwardById" parameterType="Award" resultType="Award">
        select * from award where
        award_id = #{award_id}
    </select>

    <select id="selectBookByIds" resultType="Award" parameterType="java.util.ArrayList">
        select * from award where
        <if test="idList != null and idList.size() > 0">
            award_id in (
            <foreach collection="idList" item="award_id" separator=",">
                #{award_id}
            </foreach>
            )
        </if>
    </select>

    <select id="countAward" resultType="int">
        select count(*) from award
    </select>
</mapper>