<?xml version="1.0" encoding="UTF-8" ?>
<!DOCTYPE mapper
        PUBLIC "-//mybatis.org//DTD Mapper 3.0//EN"
        "http://mybatis.org/dtd/mybatis-3-mapper.dtd">
<mapper namespace="com.sicnu.mapper.AwardExamineMapper">

    <insert id="addAwardExamine" parameterType="AwardExamine">
        insert into award_examine(
        achievement_name,
        leader_id,
        award_name,
        award_time,
        issuing_authority,
        approval_number,
        aod_id,
        dr_id,
        ar_id,
        al_id,
        sc_id,
        subject_id,
        sd_id,
        at_id,
        examine_status,
        apply_time,
        reviewer_id
        ) values(
        #{achievement_name},
        #{leader_id},
        #{award_name},
        #{award_time},
        #{issuing_authority},
        #{approval_number},
        #{aod_id},
        #{dr_id},
        #{ar_id},
        #{al_id},
        #{sc_id},
        #{subject_id},
        #{sd_id},
        #{at_id},
        #{examine_status},
        #{apply_time},
        #{reviewer_id}
        )
    </insert>

    <select id="selectAwardExamineByCondition" parameterType="java.util.HashMap" resultType="AwardExamine">
        select * from award_examine
        <where>
            <if test="achievement_name!=null and achievement_name!=''">
                and achievement_name like '%${achievement_name}%'
            </if>
            <if test="leader_id!=null and leader_id!=''">
                and leader_id = #{leader_id}
            </if>
            <if test="award_name!=null and award_name!=''">
                and award_name = #{award_name}
            </if>
            <if test="award_time_start!=null and award_time_end!=null">
                <![CDATA[
                and award_time >= #{award_time_start}
                and award_time <= #{award_time_end}
                ]]>
            </if>
            <if test="issuing_authority!=null and issuing_authority!=''">
                and issuing_authority like '%${issuing_authority}%'
            </if>
            <if test="approval_number!=null and approval_number!=''">
                and approval_number like '%${approval_number}%'
            </if>
            <if test="aod_id!=null and aod_id!=''">
                and aod_id = #{aod_id}
            </if>
            <if test="dr_id!=null and dr_id!=''">
                and dr_id =#{dr_id}
            </if>
            <if test="ar_id!=null and ar_id!=''">
                and ar_id =#{ar_id}
            </if>
            <if test="al_id!=null and al_id!=''">
                and al_id = #{al_id}
            </if>
            <if test="sc_id!=null and sc_id!=''">
                and sc_id =#{sc_id}
            </if>
            <if test="subject_id!=null and subject_id!=''">
                and subject_id =#{subject_id}
            </if>
            <if test="sd_id!=null and sd_id!=''">
                and sd_id =#{sd_id}
            </if>
            <if test="at_id!=null and at_id!=''">
                and at_id =#{at_id}
            </if>
            <if test="examine_status!=null and examine_status!=''">
                and examine_status =#{examine_status}
            </if>
            <if test="apply_time_start!=null and apply_time_end!=null">
                <![CDATA[
                and apply_time >= #{apply_time_start}
                and apply_time <= #{apply_time_end}
                ]]>
            </if>
            <if test="reviewer_id!=null and reviewer_id!=''">
                and reviewer_id =#{reviewer_id}
            </if>
        </where>
        <if test="pageNum != null and pageSize != null">
            <bind name="key_offset" value="(pageNum-1)*pageSize"></bind>
            limit #{key_offset},#{pageSize}
        </if>
    </select>

    <delete id="delAwardExamineById" parameterType="int">
        delete from award_examine
        where
        award_id = #{award_id}
    </delete>
    <delete id="delAwardExamine" parameterType="AwardExamine">
        delete from award_examine
        where
        leader_id = #{leader_id}
        and
        award_name = #{award_name}
    </delete>
    <select id="selectTotalAwardExamine" parameterType="java.util.HashMap" resultType="int">
        select count(*) from award_examine
        <where>
            <if test="achievement_name!=null and achievement_name!=''">
                and achievement_name like '%${achievement_name}%'
            </if>
            <if test="leader_id!=null and leader_id!=''">
                and leader_id = #{leader_id}
            </if>
            <if test="award_name!=null and award_name!=''">
                and award_name = #{award_name}
            </if>
            <if test="award_time_start!=null and award_time_end!=null">
                <![CDATA[
                and award_time >= #{award_time_start}
                and award_time <= #{award_time_end}
                ]]>
            </if>
            <if test="issuing_authority!=null and issuing_authority!=''">
                and issuing_authority like '%${issuing_authority}%'
            </if>
            <if test="approval_number!=null and approval_number!=''">
                and approval_number like '%${approval_number}%'
            </if>
            <if test="aod_id!=null and aod_id!=''">
                and aod_id = #{aod_id}
            </if>
            <if test="dr_id!=null and dr_id!=''">
                and dr_id =#{dr_id}
            </if>
            <if test="ar_id!=null and ar_id!=''">
                and ar_id =#{ar_id}
            </if>
            <if test="al_id!=null and al_id!=''">
                and al_id = #{al_id}
            </if>
            <if test="sc_id!=null and sc_id!=''">
                and sc_id =#{sc_id}
            </if>
            <if test="subject_id!=null and subject_id!=''">
                and subject_id =#{subject_id}
            </if>
            <if test="sd_id!=null and sd_id!=''">
                and sd_id =#{sd_id}
            </if>
            <if test="at_id!=null and at_id!=''">
                and at_id =#{at_id}
            </if>
            <if test="examine_status!=null and examine_status!=''">
                and examine_status =#{examine_status}
            </if>
            <if test="apply_time_start!=null and apply_time_end!=null">
                <![CDATA[
                and apply_time >= #{apply_time_start}
                and apply_time <= #{apply_time_end}
                ]]>
            </if>
            <if test="reviewer_id!=null and reviewer_id!=''">
                and reviewer_id =#{reviewer_id}
            </if>
        </where>
    </select>

    <select id="selectAwardExamineId" resultType="int">
        select ae_id from award_examine
        where
        award_name = #{award_name}
        and
        leader_id = #{leader_id}
    </select>

    <select id="findAwardExamineById" parameterType="AwardExamine" resultType="AwardExamine">
        select * from award_examine where
        ae_id = #{ae_id}
    </select>

    <select id="countAwardExamine" resultType="int">
        select count(*) from award_examine
    </select>
</mapper>