<?xml version="1.0" encoding="UTF-8" ?>
<!DOCTYPE mapper
        PUBLIC "-//mybatis.org//DTD Mapper 3.0//EN"
        "http://mybatis.org/dtd/mybatis-3-mapper.dtd">
<mapper namespace="com.sicnu.mapper.AwardTeamMapper">

    <insert id="addAwardTeamUser" parameterType="AwardTeam">
        insert into award_team
        (
        award_id,
        user_id,
        contribution
        )
        values
        (
        #{award_id},
        #{user_id},
        #{contribution}
        )
    </insert>

    <delete id="delAwardTeamUser" parameterType="AwardTeam">
        delete from award_team
        where
        award_id = #{award_id}
        and
        user_id = #{user_id}
    </delete>


    <select id="selectAwardTeam" parameterType="int" resultType="com.sicnu.pojo.teamMap.AwardTeamMap">
        SELECT
        u.user_id user_id,u.user_name name,u.department_id department_id,
        u.role_id role_id,
        t.contribution contribution
        FROM
        user u,
        award a,
        award_team t
        WHERE
        a.award_id = #{award_id}
        and
        a.award_id = t.award_id
        and
        t.user_id = u.user_id
    </select>
    <update id="updateAwardTeamUser" parameterType="AwardTeam">
        update award_team
        <trim prefix="set" suffixOverrides=",">
            <if test="contribution!=null and contribution!=''">
                contribution = #{contribution},
            </if>
        </trim>
        where
        award_id = #{award_id}
        and
        user_id =#{user_id}
    </update>
</mapper>