<?xml version="1.0" encoding="UTF-8" ?>
<!DOCTYPE mapper
        PUBLIC "-//mybatis.org//DTD Mapper 3.0//EN"
        "http://mybatis.org/dtd/mybatis-3-mapper.dtd">
<mapper namespace="com.sicnu.mapper.AwardLevelMapper">
    <insert id="addAwardLevel" parameterType="AwardLevel">
        insert into award_level(al_name,al_score) values(#{al_name},#{al_score})
    </insert>
    <delete id="delAwardLevel" parameterType="AwardLevel">
        delete from award_level where al_id = #{al_id}
    </delete>
    <select id="findAllAwardLevel" resultType="AwardLevel">
        select * from award_level
    </select>
    <select id="selectAwardLevelByName" parameterType="string" resultType="AwardLevel">
        select * from award_level where
        al_name = #{al_name}
    </select>
    <update id="updateAwardLevel" parameterType="AwardLevel">
        update award_level
        <trim prefix="set" suffixOverrides=",">
            <if test="al_name!=null">al_name =#{al_name},</if>
            <if test="al_score!=null">al_score =#{al_score}</if>
        </trim>
        where
        al_id = #{al_id}
    </update>
    <select id="selectAwardLevelScoreById" parameterType="int" resultType="int">
        select al_score from award_level where
        al_id = #{al_id}
    </select>
</mapper>