<?xml version="1.0" encoding="UTF-8" ?>
<!DOCTYPE mapper
        PUBLIC "-//mybatis.org//DTD Mapper 3.0//EN"
        "http://mybatis.org/dtd/mybatis-3-mapper.dtd">
<mapper namespace="com.sicnu.mapper.BookTeamMapper">

    <insert id="addBookTeamUser" parameterType="BookTeam">
        insert into book_team
        (
        book_id,
        user_id,
        contribution
        )
        values
        (
        #{book_id},
        #{user_id},
        #{contribution}
        )
    </insert>

    <delete id="delBookTeamUser" parameterType="BookTeam">
        delete from book_team
        where
        book_id = #{book_id}
        and
        user_id = #{user_id}
    </delete>


    <select id="selectBookTeam" parameterType="int" resultType="com.sicnu.pojo.teamMap.BookTeamMap">
        SELECT
        u.user_id user_id,u.user_name name,u.department_id department_id,
        u.role_id role_id,
        t.contribution contribution
        FROM
        user u,
        book b,
        book_team t
        WHERE
        b.book_id = #{book_id}
        and
        b.book_id = t.book_id
        and
        t.user_id = u.user_id
    </select>

    <update id="updateBookTeamUser" parameterType="BookTeam">
        update book_team
        <trim prefix="set" suffixOverrides=",">
            <if test="contribution!=null and contribution!=''">
                contribution = #{contribution},
            </if>
        </trim>
        where
        book_id = #{book_id}
        and
        user_id =#{user_id}
    </update>
</mapper>