<?xml version="1.0" encoding="UTF-8" ?>
<!DOCTYPE mapper
        PUBLIC "-//mybatis.org//DTD Mapper 3.0//EN"
        "http://mybatis.org/dtd/mybatis-3-mapper.dtd">

<mapper namespace="com.sicnu.mapper.CheckEmailMapper">
    <insert id="addCheckCode" parameterType="CheckEmail">
        insert into check_email(
        email,
        check_code,
        overtime)
        values(
        #{email},
        #{check_code},
        #{overtime}
        )

    </insert>
    <select id="findAllCode" resultType="CheckEmail">
        select * from check_email
    </select>

    <select id="findByCode" resultType="CheckEmail">
        select * from check_email
        where
        check_code = #{check_code}

    </select>
    <delete id="delCode" parameterType="CheckEmail">
        delete from check_email
        where
        check_code = #{check_code}
    </delete>
</mapper>