<?xml version="1.0" encoding="UTF-8" ?>
<!DOCTYPE mapper
        PUBLIC "-//mybatis.org//DTD Mapper 3.0//EN"
        "http://mybatis.org/dtd/mybatis-3-mapper.dtd">
<mapper namespace="com.sicnu.mapper.DepartmentMapper">
    <insert id="addDepartment" parameterType="Department">
        insert into department(department_name) values(#{department_name})
    </insert>
    <delete id="delDepartment" parameterType="Department">
        delete from department where department_id = #{department_id}
    </delete>
    <select id="findAllDepartment" resultType="Department">
        select * from department
    </select>
    <select id="selectDepartmentByName" parameterType="string"  resultType="Department">
        select * from department where
        department_name = #{department_name}
    </select>
    <update id="updateDepartment" parameterType="Department">
        update department
        set
        department_name = #{department_name}
        where
        department_id = #{department_id}
    </update>
    <select id="selectDepartmentById" parameterType="int" resultType="String">
        select department_name from department where department_id=#{department_id}
    </select>
</mapper>