<?xml version="1.0" encoding="UTF-8" ?>
<!DOCTYPE mapper
        PUBLIC "-//mybatis.org//DTD Mapper 3.0//EN"
        "http://mybatis.org/dtd/mybatis-3-mapper.dtd">
<mapper namespace="com.sicnu.mapper.LanguageMapper">
    <insert id="addLanguage" parameterType="Language">
        insert into `language`(language_name) values(#{language_name})
    </insert>
    <delete id="delLanguage" parameterType="Language">
        delete from `language` where language_id = #{language_id}
    </delete>
    <select id="findAllLanguage" resultType="Language">
        select * from `language`
    </select>
    <select id="selectLanguageByName" parameterType="string" resultType="Language">
        select * from `language` where
        language_name = #{language_name}
    </select>
    <update id="updateLanguage" parameterType="Language">
        update `language` set
        language_name = #{language_name}
        where
        language_id = #{language_id}
    </update>
</mapper>