<?xml version="1.0" encoding="UTF-8" ?>
<!DOCTYPE mapper
        PUBLIC "-//mybatis.org//DTD Mapper 3.0//EN"
        "http://mybatis.org/dtd/mybatis-3-mapper.dtd">
<mapper namespace="com.sicnu.mapper.LevelMapper">
    <insert id="addLevel" parameterType="Level">
        insert into level(level_name,pl_score) values(#{level_name},#{pl_score})
    </insert>
    <delete id="delLevel" parameterType="Level">
        delete from level where level_id = #{level_id}
    </delete>
    <select id="findAllLevel" resultType="Level">
        select * from level
    </select>
    <select id="selectLevelByName" parameterType="string" resultType="Level">
        select * from level where
        level_name = #{level_name}
    </select>
    <update id="updateLevel" parameterType="Level">
        update level
        <trim prefix="set" suffixOverrides=",">
            <if test="level_name != null">
                level_name = #{level_name},
            </if>
            <if test="pl_score != null">
                pl_score =#{pl_score}
            </if>
        </trim>
        where
        level_id = #{level_id}
    </update>

    <select id="selectLevelScoreById" parameterType="int" resultType="int">
        select pl_score from level where
        level_id = #{level_id}
    </select>
</mapper>