<?xml version="1.0" encoding="UTF-8" ?>
<!DOCTYPE mapper
        PUBLIC "-//mybatis.org//DTD Mapper 3.0//EN"
        "http://mybatis.org/dtd/mybatis-3-mapper.dtd">
<mapper namespace="com.sicnu.mapper.PaperExamineMapper">

    <insert id="addPaperExamine" parameterType="PaperExamine">
        insert into paper_examine(
        paper_name,
        leader_id,
        pt_id,
        periodical_id,
        publish_time,
        include_number,
        sc_id,
        subject_id,
        aod_id,
        sd_id,
        remark,
        examine_status,
        apply_time,
        reviewer_id
        ) values(
        #{paper_name},
        #{leader_id},
        #{pt_id},
        #{periodical_id},
        #{publish_time},
        #{include_number},
        #{sc_id},
        #{subject_id},
        #{aod_id},
        #{sd_id},
        #{remark},
        #{examine_status},
        #{apply_time},
        #{reviewer_id}
        )
    </insert>
<!--    <select id="selectPaperByNumber" parameterType="Paper" resultType="Paper">-->
<!--        select * from paper-->
<!--        where-->
<!--        include_number = #{include_number}-->
<!--    </select>-->
    <select id="selectPaperExamineByCondition" parameterType="java.util.HashMap" resultType="PaperExamine">
        select * from paper_examine
        <where>
            <if test="paper_name!=null and paper_name!=''">
                and paper_name like '%${paper_name}%'
            </if>
            <if test="leader_id!=null and leader_id!=''">
                and leader_id = #{leader_id}
            </if>
            <if test="periodical_id!=null and periodical_id!=''">
                and periodical_id = #{periodical_id}
            </if>
            <if test="publish_time_start!=null and publish_time_end!=null ">
                <![CDATA[
                and publish_time >= #{publish_time_start}
                and publish_time <= #{publish_time_end}
                ]]>
            </if>
            <if test="include_number!=null and include_number!=''">
                and include_number like '%${include_number}%'
            </if>
            <if test="sc_id!=null and sc_id!=''">
                and sc_id = #{sc_id}
            </if>
            <if test="subject_id!=null and subject_id!=''">
                and subject_id = #{subject_id}
            </if>
            <if test="aod_id!=null and aod_id!=''">
                and aod_id =#{aod_id}
            </if>
            <if test="sd_id!=null and sd_id!=''">
                and sd_id =#{sd_id}
            </if>
            <if test="pt_id!=null and pt_id!=''">
                and pt_id =#{pt_id}
            </if>
            <if test="remark!=null  and remark!='' ">
                and remark like '%${remark}%'
            </if>
            <if test="examine_status!=null and examine_status!=''">
                and examine_status =#{examine_status}
            </if>
            <if test="apply_time_start!=null and apply_time_end!=null">
                <![CDATA[
                and apply_time >= #{apply_time_start}
                and apply_time <= #{apply_time_end}
                ]]>
            </if>
            <if test="reviewer_id!=null and reviewer_id!=''">
                and reviewer_id =#{reviewer_id}
            </if>
        </where>
        <if test="pageNum != null and pageSize != null">
            <bind name="key_offset" value="(pageNum-1)*pageSize"></bind>
            limit #{key_offset},#{pageSize}
        </if>
    </select>

    <select id="selectTotalPaperExamine" parameterType="java.util.HashMap" resultType="int">
        select count(*) count from paper_examine
        <where>
            <if test="paper_name!=null and paper_name!=''">
                and paper_name like '%${paper_name}%'
            </if>
            <if test="leader_id!=null and leader_id!=''">
                and leader_id = #{leader_id}
            </if>
            <if test="periodical_id!=null and periodical_id!=''">
                and periodical_id = #{periodical_id}
            </if>
            <if test="publish_time_start!=null and publish_time_end!=null ">
                <![CDATA[
                and publish_time >= #{publish_time_start}
                and publish_time <= #{publish_time_end}
                ]]>
            </if>
            <if test="include_number!=null and include_number!=''">
                and include_number like '%${include_number}%'
            </if>
            <if test="sc_id!=null and sc_id!=''">
                and sc_id = #{sc_id}
            </if>
            <if test="subject_id!=null and subject_id!=''">
                and subject_id = #{subject_id}
            </if>
            <if test="aod_id!=null and aod_id!=''">
                and aod_id =#{aod_id}
            </if>
            <if test="sd_id!=null and sd_id!=''">
                and sd_id =#{sd_id}
            </if>
            <if test="pt_id!=null and pt_id!=''">
                and pt_id =#{pt_id}
            </if>
            <if test="remark!=null  and remark!='' ">
                and remark like '%${remark}%'
            </if>
            <if test="examine_status!=null and examine_status!=''">
                and examine_status =#{examine_status}
            </if>
            <if test="apply_time_start!=null and apply_time_end!=null">
                <![CDATA[
                and apply_time >= #{apply_time_start}
                and apply_time <= #{apply_time_end}
                ]]>
            </if>
            <if test="reviewer_id!=null and reviewer_id!=''">
                and reviewer_id =#{reviewer_id}
            </if>
        </where>
    </select>
    <delete id="delPaperExamineById" parameterType="int">
        delete from paper_examine
        where
        pe_id = #{pe_id}
    </delete>
    <delete id="delPaperExamine" parameterType="PaperExamine">
        delete from paper_examine
        where
        leader_id =#{leader_id}
        and
        paper_name=#{paper_name}
    </delete>
    <select id="selectPaperExamineId" resultType="int">
        select pe_id from paper_examine
        where
        paper_name = #{paper_name}
        and
        leader_id = #{leader_id}
    </select>
    <select id="findPaperExamineById" parameterType="PaperExamine" resultType="PaperExamine">
        select * from paper_examine where
        pe_id = #{pe_id}
    </select>
    <select id="countPaperExamine" resultType="int">
        select count(*) from paper_examine
    </select>
</mapper>