<?xml version="1.0" encoding="UTF-8" ?>
<!DOCTYPE mapper
        PUBLIC "-//mybatis.org//DTD Mapper 3.0//EN"
        "http://mybatis.org/dtd/mybatis-3-mapper.dtd">
<mapper namespace="com.sicnu.mapper.PatentMapper">

    <insert id="addPatent" parameterType="Patent">
        insert into Patent(
        patent_name,
        leader_id,
        pt_id,
        pr_id,
        ps_id,
        aod_id,
        application_number,
        application_time,
        public_number,
        public_time,
        authorization_number,
        authorization_time
        ) values(
        #{patent_name},
        #{leader_id},
        #{pt_id},
        #{pr_id},
        #{ps_id},
        #{aod_id},
        #{application_number},
        #{application_time},
        #{public_number},
        #{public_time},
        #{authorization_number},
        #{authorization_time}
        )
    </insert>
    <select id="selectPatentByNumber" parameterType="Patent" resultType="Patent">
        select * from Patent
        where
        application_number = #{application_number}
        and
        public_number = #{public_number}
        and
        authorization_number = #{authorization_number}
    </select>
    <select id="selectPatentByCondition" parameterType="java.util.HashMap" resultType="Patent">
        select * from patent
        <where>
            <if test="patent_name!=null and patent_name!=''">
                and patent_name like '%${patent_name}%'
            </if>
            <if test="leader_id!=null and leader_id!=''">
                and leader_id = #{leader_id}
            </if>
            <if test="pt_id!=null and pt_id!=''">
                and pt_id = #{pt_id}
            </if>
            <if test="pr_id!=null and pr_id!=''">
                and pr_id = #{pr_id}
            </if>
            <if test="ps_id!=null and ps_id!=''">
                and ps_id = #{ps_id}
            </if>
            <if test="aod_id!=null and aod_id!=''">
                and aod_id = #{aod_id}
            </if>
            <if test="application_number!=null and application_number!=''">
                and application_number like '%${application_number}%'
            </if>
            <if test="application_time_start!=null  and application_time_end!=null ">
                <![CDATA[
                    and patent.application_time >= #{application_time_start}
                    and patent.application_time <= #{application_time_end}
                    ]]>
            </if>
            <if test="public_number!=null and public_number!=''">
                and public_number like '%${public_number}%'
            </if>
            <if test="public_time_start!=null  and public_time_end!=null ">
                <![CDATA[
                    and patent.public_time >= #{public_time_start}
                    and patent.public_time <= #{public_time_end}
                    ]]>
            </if>
            <if test="authorization_number!=null and authorization_number!=''">
                and authorization_number like '%${authorization_number}%'
            </if>
            <if test="authorization_time_start!=null  and authorization_time_end!=null ">
                <![CDATA[
                    and patent.authorization_time >= #{authorization_time_start}
                    and patent.authorization_time <= #{authorization_time_end}
                    ]]>
            </if>
        </where>
        <if test="pageNum != null and pageSize != null">
            <bind name="key_offset" value="(pageNum-1)*pageSize"></bind>
            limit #{key_offset},#{pageSize}
        </if>
    </select>
    <update id="updatePatent" parameterType="Patent">
        update patent
        <trim prefix="set" suffixOverrides=",">
            <if test="patent_name!=null and patent_name!=''">
                patent_name = #{patent_name},
            </if>
            <if test="leader_id!=null and leader_id!=''">
                leader_id = #{leader_id},
            </if>
            <if test="pt_id!=null and pt_id!=''">
                pt_id = #{pt_id},
            </if>
            <if test="pr_id!=null and pr_id!=''">
                pr_id = #{pr_id},
            </if>
            <if test="ps_id!=null and ps_id!=''">
                ps_id = #{ps_id},
            </if>
            <if test="aod_id!=null and aod_id!=''">
                aod_id = #{aod_id},
            </if>
            <if test="application_number!=null and application_number!=''">
                application_number = #{application_number},
            </if>
            <if test="application_time!=null  ">
                <![CDATA[
                 application_time = #{application_time},
                ]]>
            </if>
            <if test="public_number!=null and public_number!=''">
                public_number =#{public_number},
            </if>
            <if test="public_time!=null ">
                <![CDATA[
                 public_time = #{public_time},
                ]]>
            </if>
            <if test="authorization_number!=null and authorization_number!=''">
                authorization_number =#{authorization_number},
            </if>
            <if test="authorization_time!=null ">
                <![CDATA[
                authorization_time = #{authorization_time},
                ]]>
            </if>
        </trim>
        where patent_id = #{patent_id}
    </update>
    <delete id="delPatentById" parameterType="int">
        delete from patent
        where
        patent_id = #{patent_id}
    </delete>

    <select id="selectTotalPatent" parameterType="java.util.HashMap" resultType="int">
        select count(*) total from patent
        <where>
            <if test="patent_name!=null and patent_name!=''">
                and patent_name like '%${patent_name}%'
            </if>
            <if test="leader_id!=null and leader_id!=''">
                and leader_id = #{leader_id}
            </if>
            <if test="pt_id!=null and pt_id!=''">
                and pt_id = #{pt_id}
            </if>
            <if test="pr_id!=null and pr_id!=''">
                and pr_id = #{pr_id}
            </if>
            <if test="ps_id!=null and ps_id!=''">
                and ps_id = #{ps_id}
            </if>
            <if test="aod_id!=null and aod_id!=''">
                and aod_id = #{aod_id}
            </if>
            <if test="application_number!=null and application_number!=''">
                and application_number like '%${application_number}%'
            </if>
            <if test="application_time_start!=null  and application_time_end!=null ">
                <![CDATA[
                    and patent.application_time >= #{application_time_start}
                    and patent.application_time <= #{application_time_end}
                    ]]>
            </if>
            <if test="public_number!=null and public_number!=''">
                and public_number like '%${public_number}%'
            </if>
            <if test="public_time_start!=null  and public_time_end!=null ">
                <![CDATA[
                    and patent.public_time >= #{public_time_start}
                    and patent.public_time <= #{public_time_end}
                    ]]>
            </if>
            <if test="authorization_number!=null and authorization_number!=''">
                and authorization_number like '%${authorization_number}%'
            </if>
            <if test="authorization_time_start!=null  and authorization_time_end!=null ">
                <![CDATA[
                    and patent.authorization_time >= #{authorization_time_start}
                    and patent.authorization_time <= #{authorization_time_end}
                    ]]>
            </if>
        </where>
    </select>


    <select id="selectCountPatent" resultType="int" parameterType="java.util.HashMap">
        select count(*) cnt
        from
        patent
        <where>
            <if test="leader_id!=null and leader_id!=''">
                and leader_id = #{leader_id}
            </if>
            <if test="time_start!=null  and time_end!=null ">
                <![CDATA[
                and patent.public_time >= #{time_start}
                and patent.public_time <= #{time_end}
                ]]>
            </if>
        </where>
    </select>

    <select id="findPatentByLeaderId" parameterType="Patent" resultType="Patent">
        select * from patent where
        leader_id = #{leader_id}
    </select>

    <select id="selectPatentId" parameterType="Patent" resultType="int">
        select patent_id from patent
        where
        leader_id = #{leader_id}
        and
        patent_name = #{patent_name}
    </select>

    <select id="findPatentById" parameterType="Patent" resultType="Patent">
        select * from patent where
        patent_id = #{patent_id}
    </select>

    <select id="selectPatentByIds" resultType="Patent" parameterType="java.util.ArrayList">
        select * from patent where
        <if test="idList != null and idList.size() > 0">
            patent_id in (
            <foreach collection="idList" item="patent_id" separator=",">
                #{patent_id}
            </foreach>
            )
        </if>
    </select>

    <select id="countPatent" resultType="int">
        select count(*) from patent
    </select>
</mapper>