<?xml version="1.0" encoding="UTF-8" ?>
<!DOCTYPE mapper
        PUBLIC "-//mybatis.org//DTD Mapper 3.0//EN"
        "http://mybatis.org/dtd/mybatis-3-mapper.dtd">
<mapper namespace="com.sicnu.mapper.PatentTeamMapper">

    <insert id="addPatentTeamUser" parameterType="PatentTeam">
        insert into patent_team
        (
        patent_id,
        user_id,
        contribution
        )
        values
        (
        #{patent_id},
        #{user_id},
        #{contribution}
        )
    </insert>

    <delete id="delPatentTeamUser" parameterType="PatentTeam">
        delete from patent_team
        where
        patent_id = #{patent_id}
        and
        user_id = #{user_id}
    </delete>


    <select id="selectPatentTeam" parameterType="int" resultType="com.sicnu.pojo.teamMap.PatentTeamMap">
        SELECT
        u.user_id user_id,u.user_name name,u.department_id department_id,
        u.role_id role_id,
        t.contribution contribution
        FROM
        user u,
        patent p,
        patent_team t
        WHERE
        p.patent_id = #{patent_id}
        and
        p.patent_id = t.patent_id
        and
        t.user_id = u.user_id
    </select>

    <update id="updatePatentTeamUser" parameterType="PatentTeam">
        update patent_team
        <trim prefix="set" suffixOverrides=",">
            <if test="contribution!=null and contribution!=''">
                contribution = #{contribution},
            </if>
        </trim>
        where
        patent_id = #{patent_id}
        and
        user_id =#{user_id}
    </update>
</mapper>