<?xml version="1.0" encoding="UTF-8" ?>
<!DOCTYPE mapper
        PUBLIC "-//mybatis.org//DTD Mapper 3.0//EN"
        "http://mybatis.org/dtd/mybatis-3-mapper.dtd">
<mapper namespace="com.sicnu.mapper.PeriodicalPaperMapper">
    <insert id="addPeriodicalPaper" parameterType="PeriodicalPaper">
        insert into periodical_paper
        (
          paper_id,
          periodical_id
          )
          values
          (
          #{paper_id},
          #{periodical_id}
          )
    </insert>
    <select id="findPeriodicalByPaperId" parameterType="int" resultType="int">
        select periodical_id from periodical_paper
        where
        paper_id = #{paper_id}
    </select>
    <delete id="delPeriodicalByPaperId" parameterType="int">
       delete from periodical_paper
        where
        paper_id = #{paper_id}
    </delete>
    <delete id="delPeriodicalByPeriodicalId" parameterType="int">
        delete from periodical_paper
        where
        periodical_id = #{periodical_id}
    </delete>

    <update id="updatePeriodicalPaper" parameterType="PeriodicalPaper">
        update periodical_paper
        set
        periodical_id = #{periodical_id}
        where
        paper_id = #{paper_id}
    </update>
</mapper>