<?xml version="1.0" encoding="UTF-8" ?>
<!DOCTYPE mapper
        PUBLIC "-//mybatis.org//DTD Mapper 3.0//EN"
        "http://mybatis.org/dtd/mybatis-3-mapper.dtd">
<mapper namespace="com.sicnu.mapper.PressLevelMapper">
    <insert id="addPressLevel" parameterType="PressLevel">
        insert into press_level(pl_name,bpl_score) values(#{pl_name},#{bpl_score})
    </insert>
    <delete id="delPressLevel" parameterType="PressLevel">
        delete from press_level where pl_id = #{pl_id}
    </delete>
    <select id="findAllPressLevel" resultType="PressLevel">
        select * from press_level
    </select>
    <select id="selectPressLevelByName" resultType="PressLevel">
        select * from press_level where
        pl_name = #{pl_name}
    </select>
    <update id="updatePressLevel" parameterType="PressLevel">
        update press_level
        <trim prefix="set" suffixOverrides=",">
            <if test="pl_name!=null">pl_name = #{pl_name},</if>
            <if test="bpl_score!=null">bpl_score =#{bpl_score}</if>
        </trim>
        where
        pl_id =#{pl_id}
    </update>
    <select id="selectPressLevelScoreById" parameterType="int" resultType="int">
        select bpl_score from press_level
        where
        pl_id =#{pl_id}
    </select>
</mapper>