<?xml version="1.0" encoding="UTF-8" ?>
<!DOCTYPE mapper
        PUBLIC "-//mybatis.org//DTD Mapper 3.0//EN"
        "http://mybatis.org/dtd/mybatis-3-mapper.dtd">
<mapper namespace="com.sicnu.mapper.ProjectTeamMapper">

    <insert id="addProjectTeamUser" parameterType="ProjectTeam">
        insert into project_team
        (
        project_id,
        user_id,
        team_role
        )
        values
        (
        #{project_id},
        #{user_id},
        #{team_role}
        )
    </insert>

    <delete id="delProjectTeamUser" parameterType="ProjectTeam">
        delete from project_team
        where
        project_id = #{project_id}
        and
        user_id = #{user_id}
    </delete>
    <select id="selectProject_id" parameterType="ProjectTeam" resultType="int">
        select project_id from project_team
        where
        user_id = #{user_id}
    </select>

    <select id="selectProjectTeam" parameterType="int" resultType="com.sicnu.pojo.teamMap.ProjectTeamMap">
        SELECT
        u.user_id user_id,u.user_name name,u.department_id department_id,
        u.role_id role_id,t.team_role team_role
        FROM
        user u,
        project p,
        project_team t
        WHERE
        p.project_id = #{project_id}
        and
        p.project_id = t.project_id
        and
        t.user_id = u.user_id
    </select>

    <update id="updateProjectTeamUser" parameterType="ProjectTeam">
        update project_team
        <trim prefix="set" suffixOverrides=",">
            <if test="team_role!=null and team_role!=''">
                team_role = #{team_role},
            </if>
        </trim>
        where
        project_id = #{project_id}
        and
        user_id = #{user_id}
    </update>

</mapper>