<?xml version="1.0" encoding="UTF-8" ?>
<!DOCTYPE mapper
        PUBLIC "-//mybatis.org//DTD Mapper 3.0//EN"
        "http://mybatis.org/dtd/mybatis-3-mapper.dtd">
<mapper namespace="com.sicnu.mapper.ProjectMapper">


    <insert id="addProject" parameterType="Project">
        insert into project(
        project_name,
        leader_id,
        department_id,
        aod_id,
        sc_id,
        subject_id,
        nature_id,
        level_id,
        status_id,
        sd_id,
        at_id,
        approval_number,
        start_time,
        plan_time,
        complete_time,
        outlay,
        ct_id)
        values(
        #{project_name},
        #{leader_id},
        #{department_id},
        #{aod_id},
        #{sc_id},
        #{subject_id},
        #{nature_id},
        #{level_id},
        #{status_id},
        #{sd_id},
        #{at_id},
        #{approval_number},
        #{start_time},
        #{plan_time},
        #{complete_time},
        #{outlay},
        #{ct_id}
        )
    </insert>
    <select id="selectProjectByCondition" parameterType="java.util.HashMap" resultType="Project">
        select * from project
        <where>
            <if test="project_id!=null and project_id!=''">
                and project_id = #{project_id}
            </if>
            <if test="project_name!=null and project_name!=''">
                and project_name like '%${project_name}%'
            </if>
            <if test="department_id!=null and department_id!=''">
                and department_id = #{department_id}
            </if>
            <if test="leader_id!=null and leader_id!=''">
                and leader_id = #{leader_id}
            </if>
            <if test="sc_id!=null and sc_id!=''">
                and sc_id = #{sc_id}
            </if>
            <if test="subject_id!=null and subject_id!=''">
                and subject_id = #{subject_id}
            </if>
            <if test="nature_id!=null and nature_id!=''">
                and nature_id =#{nature_id}
            </if>
            <if test="level_id!=null and level_id!=''">
                and level_id =#{level_id}
            </if>
            <if test="status_id!=null and status_id!=''">
                and status_id =#{status_id}
            </if>
            <if test="sd_id!=null and sd_id!=''">
                and sd_id =#{sd_id}
            </if>
            <if test="at_id!=null and at_id!=''">
                and at_id =#{at_id}
            </if>
            <if test="approval_number!=null and approval_number!=''">
                and approval_number like'%${approval_number}%'
            </if>
            <if test="start_time_start!=null  and start_time_end!=null ">
                <![CDATA[
                and project.start_time >= #{start_time_start}
                and project.start_time <= #{start_time_end}
                ]]>
            </if>
            <if test="plan_time_start!=null  and plan_time_end!=null ">
                <![CDATA[
                and project.plan_time >= #{plan_time_start}
                and project.plan_time <= #{plan_time_end}
                ]]>
            </if>
            <if test="complete_time_start!=null  and complete_time_end!=null ">
                <![CDATA[
                and project.complete_time >= #{complete_time_start}
                and project.complete_time <= #{complete_time_end}
                ]]>
            </if>
            <if test="outlay!=null and outlay!=''">
                and outlay =#{outlay}
            </if>
            <if test="ct_id!=null and ct_id!=''">
                and ct_id =#{ct_id}
            </if>
        </where>
        <if test="pageNum != null and pageSize != null">
            <bind name="key_offset" value="(pageNum-1)*pageSize"></bind>
            limit #{key_offset},#{pageSize}
        </if>
    </select>
    <delete id="delProject" parameterType="Project">
        delete from project
        where
        project_id = #{project_id}
    </delete>
    <update id="updateProject" parameterType="Project">
        update Project
        <trim prefix="set" suffixOverrides=",">
            <if test="project_name!=null and project_name!=''">
                project_name = #{project_name},
            </if>
            <if test="leader_id!=null and leader_id!=''">
                leader_id = #{leader_id},
            </if>
            <if test="department_id!=null and department_id!=''">
                department_id = #{department_id},
            </if>
            <if test="aod_id!=null and aod_id!=''">
                aod_id = #{aod_id},
            </if>
            <if test="sc_id!=null and sc_id!=''">
                sc_id = #{sc_id},
            </if>
            <if test="subject_id!=null and subject_id!=''">
                subject_id = #{subject_id},
            </if>
            <if test="nature_id!=null and nature_id!=''">
                nature_id = #{nature_id},
            </if>
            <if test="level_id!=null and level_id!=''">
                level_id = #{level_id},
            </if>
            <if test="status_id!=null and status_id!=''">
                status_id = #{status_id},
            </if>
            <if test="sd_id!=null and sd_id!=''">
                sd_id = #{sd_id},
            </if>
            <if test="at_id!=null and at_id!=''">
                at_id = #{at_id},
            </if>
            <if test="approval_number!=null and approval_number!=''">
                approval_number = #{approval_number},
            </if>
            <if test="start_time!=null">
                start_time = #{start_time},
            </if>
            <if test="plan_time!=null">
                plan_time =#{plan_time},
            </if>
            <if test="complete_time!=null ">
                complete_time = #{complete_time},
            </if>
            <if test="outlay!=null and outlay!=''">
                outlay = #{outlay},
            </if>
            <if test="ct_id!=null and ct_id!=''">
                ct_id = #{ct_id}
            </if>
        </trim>
        where
        project_id =#{project_id}
    </update>

    <select id="selectProjectId" parameterType="Project" resultType="int">
        select project_id from project
        where
        leader_id = #{leader_id}
        and
        project_name = #{project_name}
    </select>

    <select id="findProjectById" parameterType="Project" resultType="Project">
        select * from project where
        project_id = #{project_id}
    </select>

    <select id="findProjectByLeaderId" parameterType="Project" resultType="Project">
        select * from project where
        leader_id = #{leader_id}
    </select>

    <select id="selectTotalProject" parameterType="java.util.HashMap" resultType="int">
        select count(*) total from project
        <where>
            <if test="project_id!=null and project_id!=''">
                and project_id = #{project_id}
            </if>
            <if test="project_name!=null and project_name!=''">
                and project_name like '%${project_name}%'
            </if>
            <if test="department_id!=null and department_id!=''">
                and department_id = #{department_id}
            </if>
            <if test="leader_id!=null and leader_id!=''">
                and leader_id = #{leader_id}
            </if>
            <if test="sc_id!=null and sc_id!=''">
                and sc_id = #{sc_id}
            </if>
            <if test="subject_id!=null and subject_id!=''">
                and subject_id = #{subject_id}
            </if>
            <if test="nature_id!=null and nature_id!=''">
                and nature_id =#{nature_id}
            </if>
            <if test="level_id!=null and level_id!=''">
                and level_id =#{level_id}
            </if>
            <if test="status_id!=null and status_id!=''">
                and status_id =#{status_id}
            </if>
            <if test="sd_id!=null and sd_id!=''">
                and sd_id =#{sd_id}
            </if>
            <if test="at_id!=null and at_id!=''">
                and at_id =#{at_id}
            </if>
            <if test="approval_number!=null and approval_number!=''">
                and approval_number like'%${approval_number}%'
            </if>
            <if test="start_time_start!=null  and start_time_end!=null ">
                <![CDATA[
                and project.start_time >= #{start_time_start}
                and project.start_time <= #{start_time_end}
                ]]>
            </if>
            <if test="plan_time_start!=null  and plan_time_end!=null ">
                <![CDATA[
                and project.plan_time >= #{plan_time_start}
                and project.plan_time <= #{plan_time_end}
                ]]>
            </if>
            <if test="complete_time_start!=null  and complete_time_end!=null ">
                <![CDATA[
                and project.complete_time >= #{complete_time_start}
                and project.complete_time <= #{complete_time_end}
                ]]>
            </if>
            <if test="outlay!=null and outlay!=''">
                and outlay =#{outlay}
            </if>
            <if test="ct_id!=null and ct_id!=''">
                and ct_id =#{ct_id}
            </if>
        </where>
    </select>

    <select id="selectCountProject" resultType="int" parameterType="java.util.HashMap">
        select count(*) cnt
        from
        project
        <where>
            <if test="leader_id!=null and leader_id!=''">
                and leader_id = #{leader_id}
            </if>
            <if test="time_start!=null  and time_end!=null ">
                <![CDATA[
                and project.complete_time >= #{time_start}
                and project.complete_time <= #{time_end}
                ]]>
            </if>
        </where>
    </select>

    <select id="selectProjectByIds" resultType="Project" parameterType="java.util.ArrayList">
        select * from project where
        <if test="idList != null and idList.size() > 0">
            project_id in (
            <foreach collection="idList" item="project_id" separator=",">
                #{project_id}
            </foreach>
            )
        </if>
    </select>

    <select id="countProject" resultType="int">
        select count(*) from project
    </select>
</mapper>