<?xml version="1.0" encoding="UTF-8" ?>
<!DOCTYPE mapper
        PUBLIC "-//mybatis.org//DTD Mapper 3.0//EN"
        "http://mybatis.org/dtd/mybatis-3-mapper.dtd">
<mapper namespace="com.sicnu.mapper.ResearchTypeMapper">
    <insert id="addResearchType" parameterType="ResearchType">
        insert into research_type(rt_name) values(#{rt_name})
    </insert>
    <delete id="delResearchType" parameterType="ResearchType">
        delete from research_type where rt_id = #{rt_id}
    </delete>
    <select id="findAllResearchType" resultType="ResearchType">
        select * from research_type
    </select>
    <select id="selectResearchTypeByName" parameterType="string" resultType="ResearchType">
        select * from research_type where
        rt_name = #{rt_name}
    </select>
    <update id="updateResearchType" parameterType="ResearchType">
        update research_type set
        rt_name = #{rt_name}
        where
        rt_id = #{rt_id}
    </update>
</mapper>